filename,in_out
out0205.jpg,outdoor
out0040_new.jpg,outdoor
out1819.jpg,outdoor
out0037_new.jpg,outdoor
out0042_new.jpg,outdoor
out2633.jpg,outdoor
out1063.jpg,outdoor
out1692.jpg,outdoor
out1914.jpg,outdoor
out0135_new.jpg,outdoor
out0003_new.jpg,outdoor
out0098_new.jpg,outdoor
out1856.jpg,outdoor
out0112_new.jpg,outdoor
out0019_new.jpg,outdoor
out1222.jpg,outdoor
out0074_new.jpg,outdoor
out0046_new.jpg,outdoor
out0560.jpg,outdoor
out0151_new.jpg,outdoor
out0028_new.jpg,outdoor
out0140_new.jpg,outdoor
out0026_new.jpg,outdoor
out0130_new.jpg,outdoor
out0034_new.jpg,outdoor
out0120_new.jpg,outdoor
out0160_new.jpg,outdoor
out0375.jpg,outdoor
out0945.jpg,outdoor
out0006_new.jpg,outdoor
out2133.jpg,outdoor
out0109_new.jpg,outdoor
out0130.jpg,outdoor
out1502.jpg,outdoor
out0100_new.jpg,outdoor
out0056.jpg,outdoor
out2242.jpg,outdoor
out1853.jpg,outdoor
out0149_new.jpg,outdoor
out1811.jpg,outdoor
out0086.jpg,outdoor
out0648.jpg,outdoor
out0131.jpg,outdoor
out0071_new.jpg,outdoor
out0001.jpg,outdoor
out0072_new.jpg,outdoor
out0075_new.jpg,outdoor
out0995.jpg,outdoor
out0405.jpg,outdoor
out1294.jpg,outdoor
out0526.jpg,outdoor
out0667.jpg,outdoor
out0005_new.jpg,outdoor
out0119_new.jpg,outdoor
out0085_new.jpg,outdoor
out1376.jpg,outdoor
out0055_new.jpg,outdoor
out2639.jpg,outdoor
out0081_new.jpg,outdoor
out0063.jpg,outdoor
out1115.jpg,outdoor
out0428.jpg,outdoor
out0115_new.jpg,outdoor
out0002_new.jpg,outdoor
out2629.jpg,outdoor
out0142_new.jpg,outdoor
out2182.jpg,outdoor
out0139_new.jpg,outdoor
out2628.jpg,outdoor
out1098.jpg,outdoor
out0137_new.jpg,outdoor
out0033_new.jpg,outdoor
out1352.jpg,outdoor
out0552.jpg,outdoor
out0521.jpg,outdoor
out1118.jpg,outdoor
out0012_new.jpg,outdoor
out2184.jpg,outdoor
out0486.jpg,outdoor
out0371.jpg,outdoor
out2279.jpg,outdoor
out1386.jpg,outdoor
out0110_new.jpg,outdoor
out0631.jpg,outdoor
out0016.jpg,outdoor
out1578.jpg,outdoor
out0124_new.jpg,outdoor
out1629.jpg,outdoor
out1012.jpg,outdoor
out0116_new.jpg,outdoor
out2190.jpg,outdoor
out1950.jpg,outdoor
out0099.jpg,outdoor
out0102_new.jpg,outdoor
out0107_new.jpg,outdoor
out2037.jpg,outdoor
out0060_new.jpg,outdoor
out1828.jpg,outdoor
out1336.jpg,outdoor
out2679.jpg,outdoor
out2304.jpg,outdoor
out0090_new.jpg,outdoor
out0700.jpg,outdoor
out0121_new.jpg,outdoor
out0126_new.jpg,outdoor
out0058_new.jpg,outdoor
out0031_new.jpg,outdoor
out0030_new.jpg,outdoor
out0653.jpg,outdoor
out1411.jpg,outdoor
out0047_new.jpg,outdoor
out0089_new.jpg,outdoor
out1830.jpg,outdoor
out2546.jpg,outdoor
out2294.jpg,outdoor
out1617.jpg,outdoor
out1627.jpg,outdoor
out1351.jpg,outdoor
out1566.jpg,outdoor
out0159_new.jpg,outdoor
out0049_new.jpg,outdoor
out1589.jpg,outdoor
out1577.jpg,outdoor
out0704.jpg,outdoor
out0128_new.jpg,outdoor
out0438.jpg,outdoor
out1325.jpg,outdoor
out0150_new.jpg,outdoor
out1100.jpg,outdoor
out0122_new.jpg,outdoor
out0129_new.jpg,outdoor
out0088_new.jpg,outdoor
out0101_new.jpg,outdoor
out2646.jpg,outdoor
out0076_new.jpg,outdoor
out1113.jpg,outdoor
out0059_new.jpg,outdoor
out0022.jpg,outdoor
out1425.jpg,outdoor
out0025_new.jpg,outdoor
out1446.jpg,outdoor
out0571.jpg,outdoor
out0095_new.jpg,outdoor
out0117_new.jpg,outdoor
out0127_new.jpg,outdoor
out0083_new.jpg,outdoor
out0441.jpg,outdoor
out0097_new.jpg,outdoor
out1450.jpg,outdoor
out0064_new.jpg,outdoor
out1742.jpg,outdoor
out2454.jpg,outdoor
out2000.jpg,outdoor
out0082.jpg,outdoor
out1331.jpg,outdoor
out0531.jpg,outdoor
out1396.jpg,outdoor
out2616.jpg,outdoor
out0008_new.jpg,outdoor
out2652.jpg,outdoor
out0070_new.jpg,outdoor
out1521.jpg,outdoor
out0045.jpg,outdoor
out1520.jpg,outdoor
out0011.jpg,outdoor
out0099_new.jpg,outdoor
out0093_new.jpg,outdoor
out0080_new.jpg,outdoor
out2047.jpg,outdoor
out1444.jpg,outdoor
out1653.jpg,outdoor
out0010_new.jpg,outdoor
out0092_new.jpg,outdoor
out0440.jpg,outdoor
out0113_new.jpg,outdoor
out1964.jpg,outdoor
out0016_new.jpg,outdoor
out0000_new.jpg,outdoor
out2643.jpg,outdoor
out2473.jpg,outdoor
out2675.jpg,outdoor
out1480.jpg,outdoor
out0578.jpg,outdoor
out1380.jpg,outdoor
out1648.jpg,outdoor
out0158_new.jpg,outdoor
out0009_new.jpg,outdoor
out1445.jpg,outdoor
out1564.jpg,outdoor
out0036_new.jpg,outdoor
out0152_new.jpg,outdoor
out1227.jpg,outdoor
out2306.jpg,outdoor
out0069_new.jpg,outdoor
out0146_new.jpg,outdoor
out1127.jpg,outdoor
out0143_new.jpg,outdoor
out0134_new.jpg,outdoor
out0091_new.jpg,outdoor
out2687.jpg,outdoor
out0155_new.jpg,outdoor
out1510.jpg,outdoor
out0041_new.jpg,outdoor
out2077.jpg,outdoor
out0045_new.jpg,outdoor
out0132_new.jpg,outdoor
out0077_new.jpg,outdoor
out0413.jpg,outdoor
out0106_new.jpg,outdoor
out0094_new.jpg,outdoor
out0015_new.jpg,outdoor
out0835.jpg,outdoor
out0051_new.jpg,outdoor
out1658.jpg,outdoor
out2308.jpg,outdoor
out0104.jpg,outdoor
out1854.jpg,outdoor
out0416.jpg,outdoor
out0007_new.jpg,outdoor
out0004_new.jpg,outdoor
out0044_new.jpg,outdoor
out1503.jpg,outdoor
out0480.jpg,outdoor
out0105_new.jpg,outdoor
out1361.jpg,outdoor
out0067_new.jpg,outdoor
out0050_new.jpg,outdoor
out0147_new.jpg,outdoor
out0136_new.jpg,outdoor
out2669.jpg,outdoor
out0144_new.jpg,outdoor
out1662.jpg,outdoor
out0013_new.jpg,outdoor
out0564.jpg,outdoor
out1549.jpg,outdoor
out0624.jpg,outdoor
out2509.jpg,outdoor
out1355.jpg,outdoor
out1350.jpg,outdoor
out0896.jpg,outdoor
out0562.jpg,outdoor
out1391.jpg,outdoor
out0039_new.jpg,outdoor
out2647.jpg,outdoor
out0079_new.jpg,outdoor
out0051.jpg,outdoor
out0972.jpg,outdoor
out0491.jpg,outdoor
out0038_new.jpg,outdoor
out0145_new.jpg,outdoor
out1666.jpg,outdoor
out1435.jpg,outdoor
out2441.jpg,outdoor
out1467.jpg,outdoor
out1636.jpg,outdoor
out0133_new.jpg,outdoor
out0547.jpg,outdoor
out1771.jpg,outdoor
out0063_new.jpg,outdoor
out0057_new.jpg,outdoor
out0602.jpg,outdoor
out1093.jpg,outdoor
out0138_new.jpg,outdoor
out0425.jpg,outdoor
out2039.jpg,outdoor
out0068_new.jpg,outdoor
out0408.jpg,outdoor
out1346.jpg,outdoor
out2597.jpg,outdoor
out1962.jpg,outdoor
out0154_new.jpg,outdoor
out0078_new.jpg,outdoor
out0001_new.jpg,outdoor
out1037.jpg,outdoor
out0431.jpg,outdoor
out0017_new.jpg,outdoor
out0630.jpg,outdoor
out1535.jpg,outdoor
out2044.jpg,outdoor
out0096_new.jpg,outdoor
out2653.jpg,outdoor
out0053_new.jpg,outdoor
out2086.jpg,outdoor
out0061_new.jpg,outdoor
out2043.jpg,outdoor
out0889.jpg,outdoor
out0021_new.jpg,outdoor
out2150.jpg,outdoor
out0153_new.jpg,outdoor
out0863.jpg,outdoor
out0087_new.jpg,outdoor
out0054_new.jpg,outdoor
out0019.jpg,outdoor
out2495.jpg,outdoor
out0035_new.jpg,outdoor
out1112.jpg,outdoor
out0043_new.jpg,outdoor
out0111_new.jpg,outdoor
out0790.jpg,outdoor
out0006.jpg,outdoor
out0125_new.jpg,outdoor
out1152.jpg,outdoor
out0104_new.jpg,outdoor
out0027_new.jpg,outdoor
out0010.jpg,outdoor
out1419.jpg,outdoor
out0048_new.jpg,outdoor
out2302.jpg,outdoor
out0052_new.jpg,outdoor
